,Name,Rating,Reviews,Address,Category,Time
0,Victory Sweet Shop/Victory Garden Cafe,4.5,343, 21-69 Steinway St,Restaurant ,
1,Berimbau Brazilian Kitchen,4.5,958, 43 Carmine St,Brazilian ,
2,Per Se,4.5,"1,525", 10 Columbus Cir,French ,
3,Keens Steakhouse,4.6,"7,029", 72 W 36 St,Steak ,
4,Marc Forgione,4.6,580, 134 Reade St,American ,
5,Le Coucou,4.5,"1,420", 138 Lafayette St,French ,
6,Daniel,4.6,"1,881", 60 E 65th St,French ,
7,Atera,4.7,413, 77 Worth St,New American ,
8,1803 NYC,4.5,"1,290", 82 Reade St,Creole ,
9,Schilling Restaurant & Bar,4.4,441, 109 Washington St,Austrian ,
10,Crown Shy,4.6,"1,019", 70 Pine Street Ground Floor,American ,
11,abc kitchen,4.4,"2,519", 35 E 18th St,Restaurant ,
12,COTE Korean Steakhouse,4.6,"2,763", 16 W 22nd St,Steak ,
13,San Carlo Osteria Piemonte,4.6,693, 90 Thompson St,Italian ,
14,The Restaurant,4.2,197, 506 9th Ave,Restaurant ,
15,Le Bernardin,4.6,"2,832", 155 W 51st St,French ,
16,Restaurant Above,4.3,37, 234 W 42nd St,American ,
17,Manhatta,4.6,"1,516", 28 Liberty St 60th floor,New American ,
18,La Mercerie,4.3,"1,037", 53 Howard St,French ,
19,Joseph's Restaurant,4.5,245, 3 Hanover Square,Northern Italian ,
20,Puglia,4.3,"1,175", 189 Hester St,Italian ,
21,Kuu Ramen,4.4,"1,493", 20 John St,Ramen ,
22,TAO Downtown Restaurant,4.3,"4,293", 92 9th Ave,Asian Fusion ,
23,Kahlo,4.4,429, 525 W 29th St,Mexican ,
24,Minetta Tavern,4.5,"2,046", 113 MacDougal St,French ,
25,The Modern,4.6,"1,874", 9 W 53rd St,New American ,
26,Benoit New York,4.4,894, 60 W 55th St,French ,
27,The Capital Grille,4.6,"1,617", 155 E 42nd St,Fine Dining ,
28,Ocean Prime,4.6,"1,886", 123 W 52nd St,Seafood ,
29,Zou Zou’s,4.4,394, 385 9th Ave Suite 85,American ,
30,The Cabin NYC,4.2,273, 205 E 4th St,New American ,
31,Catch NYC,4.0,"3,497", 21 9th Ave,Seafood ,
32,Loi Estiatorio,4.6,528, 132 W 58th St,Greek ,
33,ROBERT,4.5,"1,358", 2 Columbus Cir,American ,
34,Olive Garden Italian Restaurant,4.1,"5,940", 2 Times Sq,Italian ,
35,The Blue Dog,4.3,"1,881", 308 W 50th St,American ,
36,Frevo,4.8,412, 48 W 8th St,Fine Dining ,
37,The Smith,4.4,"4,893", 1150 Broadway,American ,
38,Trattoria Trecolori,4.4,"2,245", 254 W 47th St,Italian ,
39,Rintintin,4.1,600, 14 Spring St,Restaurant ,
40,Blue Ribbon Brasserie,4.6,778, 97 Sullivan St,American ,
41,Hard Rock Cafe,4.4,"20,769", 1501 Broadway,American ,
42,Miznon,4.5,"2,240", 435 W 15th St,Israeli ,
43,Balthazar,4.4,"6,264", 80 Spring St,French ,
44,Bea,4.4,"1,680", 403 W 43rd St,American ,
45,wagamama,4.2,"1,763"," 210 5th Avenue at, W 26th St",Asian Fusion ,
46,Hutong New York,4.0,591," 731 Lexington Avenue, Inside Beacon Courtyard",Chinese ,
47,Joe Allen,4.4,794, 326 W 46th St,American ,
48,Peak Restaurant & Bar,4.5,"1,170", 30 Hudson Yards 101st floor,American ,
49,Salinas Restaurant,4.5,753, 136 9th Ave,Spanish ,
50,Gotham Restaurant,4.5,"1,249", 12 E 12th St,New American ,
51,Gramercy Tavern,4.6,"3,386", 42 E 20th St,New American ,
52,RH Rooftop Restaurant New York,4.5,"1,407", 9 9th Ave,American ,
53,Jean-Georges,4.5,"1,299", 1 Central Park West,Haute French ,
54,Il Mulino New York - Uptown,4.3,380, 37 E 60th St,Italian ,
55,15 EAST @ Tocqueville,4.4,576, 1 E 15th St,French ,
56,Da Marino NYC,4.2,763, 220 W 49th St,Italian ,
57,Heidelberg Restaurant,4.4,"1,236", 1648 2nd Ave,German ,
58,La Pulpería 44th HK,4.4,676, 623 9th Ave,Latin American ,
59,Balvanera,4.6,574, 152 Stanton St,Argentinian ,
60,Eataly NYC Flatiron,4.5,"8,589", 200 5th Ave,Market ,
61,At Nine Restaurant & Bar,4.4,685, 592 9th Ave,Thai ,
62,Junoon,4.3,"2,841", 19 W 24th St,Indian ,
63,La Nacional,4.6,594, 239 W 14th St,Spanish ,
64,Wildair,4.4,463, 142 Orchard St,New American ,
65,Max Restaurant,4.3,244, 134 W Broadway,Italian ,
66,Malibu Farm New York,4.1,793, 89 South St,Restaurant ,
67,Tick Tock Diner NY,4.0,"5,862", 481 8th Ave,Diner ,
68,Pershing Square,4.2,"3,794", 90 E 42nd St,American ,
69,Wolf at Nordstrom NYC,4.7,162, 225 W 57th St,Italian ,
70,The Palm - Palm West,4.3,901, 250 W 50th St,Steak ,
71,Meijin Ramen,4.5,928, 1574 2nd Ave,Ramen ,
72,Little Owl,4.5,950, 90 Bedford St,New American ,
73,Charlie Bird,4.4,768, 5 King St,Italian ,
74,Via Della Pace,4.5,663, 87 E 4th St,Italian ,
75,Pastis,4.5,"1,889", 52 Gansevoort St,French ,
76,Kochi,4.6,554, 652 10th Ave,Korean ,
77,The Flatiron Room Murray Hill,4.5,783, 9 E 37th St,New American ,
78,North Fork Restaurant,4.2,254, 122 Christopher St,American ,
79,L'Artusi,4.6,"1,570", 228 W 10th St,Italian ,
80,La Goulue New York,4.4,303, 29 E 61st St,French ,
81,Kimika,4.0,298, 40 Kenmare St,Japanese ,
82,Electric Lemon,4.1,753, 33 Hudson Yards 24th Floor,New American ,
83,Kaenoy Restaurant,5.0,1, 623 9th Ave,Japanese ,
84,queensyard,4.2,875, 20 Hudson Yards,New American ,
85,Guantanamera,4.4,"2,482", 939 8th Ave,Cuban ,
86,LAVO Italian Restaurant,4.1,"1,720", 39 E 58th St,Italian ,
87,Il Fiorista,4.4,208, 17 W 26th St,Italian ,
88,Inti,4.0,415, 820 10th Ave,Peruvian ,
89,El Rio Grande,4.2,"1,141", 160 E 38th St,Tex Mex ,
90,Koloman,4.4,182, 16 W 29th St,Austrian ,
91,Osteria del Bianco,4.7,474, 22 E 49th St,Italian ,
92,P.J. Clarke's,4.4,"2,784", 915 3rd Ave,American ,
93,Dos Caminos,4.0,"1,840", 1567 Broadway,Mexican ,
94,Toloache,4.4,"2,313", 251 W 50th St,Mexican ,
95,Oceans,4.7,405, 233 Park Ave S,Seafood ,
96,La Esquina,4.2,"2,417", 114 Kenmare St,Mexican ,
97,Il Cantinori,4.6,375, 32 E 10th St,Italian ,
98,Planta Queen,4.5,"1,261", 15 W 27th St,Vegan ,
99,The View Restaurant & Lounge,4.2,"3,090", 1535 Broadway,American ,
100,Mari Vanna,4.5,"1,403", 41 E 20th St,Eastern European ,
101,Omen Azen,4.3,141, 113 Thompson St,Japanese ,
102,BSTRO 38,4.4,"1,181", 58 W 38th St,American ,
103,Pera Mediterranean Brasserie,4.1,619, 303 Madison Ave,Mediterranean ,
104,Coarse NY,4.5,298, 306 W 13th St,Fine Dining ,
105,Chef Pnina,2.0,1, 200 Central Park S,Fine Dining ,
106,Friend Of A Farmer,4.3,"1,466", 77 Irving Pl,American ,
107,PALERMO NYC ARGENTINIAN BISTRO,4.5,552, 373 W 46th St,Argentinian ,
108,Nocello,4.6,304, 257 W 55th St,Italian ,
109,Latin American,4.2,237, 29 W 26th St # 1,Dominican ,
110,Buddha-Bar Restaurant New York,4.0,481, 62 Thomas St,Asian Fusion ,
111,Tiny's & The Bar Upstairs,4.4,822, 135 W Broadway,American ,
